-- phpMyAdmin SQL Dump
-- version 5.2.1
-- https://www.phpmyadmin.net/
--
-- Host: 127.0.0.1:3306
-- Generation Time: Mar 24, 2024 at 07:41 PM
-- Server version: 8.2.0
-- PHP Version: 8.2.13

SET SQL_MODE = "NO_AUTO_VALUE_ON_ZERO";
START TRANSACTION;
SET time_zone = "+00:00";


/*!40101 SET @OLD_CHARACTER_SET_CLIENT=@@CHARACTER_SET_CLIENT */;
/*!40101 SET @OLD_CHARACTER_SET_RESULTS=@@CHARACTER_SET_RESULTS */;
/*!40101 SET @OLD_COLLATION_CONNECTION=@@COLLATION_CONNECTION */;
/*!40101 SET NAMES utf8mb4 */;

--
-- Database: `prayer_time_reminder`
--

-- --------------------------------------------------------

--
-- Table structure for table `box`
--

DROP TABLE IF EXISTS `box`;
CREATE TABLE IF NOT EXISTS `box` (
  `box_id` int NOT NULL AUTO_INCREMENT,
  `box_name` varchar(255) NOT NULL,
  `prayerzone` varchar(10) NOT NULL,
  `subs_id` int DEFAULT NULL,
  `status` enum('private','public') CHARACTER SET utf8mb4 COLLATE utf8mb4_0900_ai_ci NOT NULL DEFAULT 'private',
  `created_at` timestamp NULL DEFAULT CURRENT_TIMESTAMP,
  `updated_at` timestamp NULL DEFAULT CURRENT_TIMESTAMP ON UPDATE CURRENT_TIMESTAMP,
  `deleted_at` timestamp NULL DEFAULT NULL,
  PRIMARY KEY (`box_id`),
  KEY `subs_id` (`subs_id`)
) ENGINE=MyISAM AUTO_INCREMENT=13 DEFAULT CHARSET=utf8mb4 COLLATE=utf8mb4_0900_ai_ci;

--
-- Dumping data for table `box`
--

INSERT INTO `box` (`box_id`, `box_name`, `prayerzone`, `subs_id`, `status`, `created_at`, `updated_at`, `deleted_at`) VALUES
(1, 'Orchard Tower', 'WLY01', 1, 'private', '2024-03-23 18:58:51', '2024-03-24 15:24:03', NULL),
(2, 'United Square', 'SWK02', 1, 'private', '2024-03-23 18:58:51', '2024-03-24 15:24:11', NULL),
(3, 'Thompson Plaza', 'JHR01', 2, 'public', '2024-03-23 18:58:51', '2024-03-24 15:24:15', NULL),
(4, 'Peranakan Place', 'KDH01', 2, 'private', '2024-03-23 18:58:51', '2024-03-24 15:24:18', NULL),
(5, 'Marina Boulevard', 'MLK01', 2, 'private', '2024-03-23 18:58:51', '2024-03-24 15:52:50', NULL),
(6, 'ada', 'JHR03', 1, 'private', '2024-03-24 18:30:09', '2024-03-24 18:30:09', NULL),
(7, 'Resto One', 'KDH06', 1, 'private', '2024-03-24 18:36:34', '2024-03-24 18:36:34', NULL),
(12, 'Hello ', 'JHR04', 1, 'private', '2024-03-24 18:44:17', '2024-03-24 18:44:17', NULL),
(11, 'dadads', 'KDH04', 1, 'private', '2024-03-24 18:43:16', '2024-03-24 18:43:16', NULL);

-- --------------------------------------------------------

--
-- Table structure for table `song`
--

DROP TABLE IF EXISTS `song`;
CREATE TABLE IF NOT EXISTS `song` (
  `song_id` int NOT NULL AUTO_INCREMENT,
  `song_title` varchar(255) NOT NULL,
  `subs_id` int NOT NULL,
  `box_id` int NOT NULL,
  `prayerzone` varchar(10) NOT NULL,
  `prayertimedate` date NOT NULL,
  `prayertimeseq` int NOT NULL,
  `prayertime` time NOT NULL,
  `status` enum('scheduled','played','skipped','error') NOT NULL DEFAULT 'scheduled',
  `created_at` timestamp NULL DEFAULT CURRENT_TIMESTAMP,
  `updated_at` timestamp NULL DEFAULT CURRENT_TIMESTAMP ON UPDATE CURRENT_TIMESTAMP,
  `deleted_at` timestamp NULL DEFAULT NULL,
  PRIMARY KEY (`song_id`),
  UNIQUE KEY `unique_prayer_time` (`box_id`,`prayertimedate`,`prayertimeseq`),
  KEY `subs_id` (`subs_id`)
) ENGINE=MyISAM AUTO_INCREMENT=401 DEFAULT CHARSET=utf8mb4 COLLATE=utf8mb4_0900_ai_ci;

--
-- Dumping data for table `song`
--

INSERT INTO `song` (`song_id`, `song_title`, `subs_id`, `box_id`, `prayerzone`, `prayertimedate`, `prayertimeseq`, `prayertime`, `status`, `created_at`, `updated_at`, `deleted_at`) VALUES
(1, 'Fajr', 1, 1, 'WLY01', '2024-03-25', 1, '02:11:00', 'scheduled', '2024-03-24 17:20:19', '2024-03-24 19:09:28', NULL),
(2, 'Dhuhr', 1, 1, 'WLY01', '2024-03-25', 2, '13:22:00', 'scheduled', '2024-03-24 17:20:19', '2024-03-24 17:20:19', NULL),
(3, 'Asr', 1, 1, 'WLY01', '2024-03-25', 3, '16:24:00', 'scheduled', '2024-03-24 17:20:19', '2024-03-24 17:20:19', NULL),
(4, 'Maghrib', 1, 1, 'WLY01', '2024-03-25', 4, '19:25:00', 'scheduled', '2024-03-24 17:20:19', '2024-03-24 17:20:19', NULL),
(5, 'Isha', 1, 1, 'WLY01', '2024-03-25', 5, '20:34:00', 'scheduled', '2024-03-24 17:20:19', '2024-03-24 17:20:19', NULL),
(6, 'Fajr', 1, 1, 'WLY01', '2024-03-26', 1, '06:08:00', 'scheduled', '2024-03-24 17:20:19', '2024-03-24 17:20:19', NULL),
(7, 'Dhuhr', 1, 1, 'WLY01', '2024-03-26', 2, '13:22:00', 'scheduled', '2024-03-24 17:20:19', '2024-03-24 17:20:19', NULL),
(8, 'Asr', 1, 1, 'WLY01', '2024-03-26', 3, '16:23:00', 'scheduled', '2024-03-24 17:20:19', '2024-03-24 17:20:19', NULL),
(9, 'Maghrib', 1, 1, 'WLY01', '2024-03-26', 4, '19:25:00', 'scheduled', '2024-03-24 17:20:19', '2024-03-24 17:20:19', NULL),
(10, 'Isha', 1, 1, 'WLY01', '2024-03-26', 5, '20:33:00', 'scheduled', '2024-03-24 17:20:19', '2024-03-24 17:20:19', NULL),
(11, 'Fajr', 1, 1, 'WLY01', '2024-03-27', 1, '06:07:00', 'scheduled', '2024-03-24 17:20:19', '2024-03-24 17:20:19', NULL),
(12, 'Dhuhr', 1, 1, 'WLY01', '2024-03-27', 2, '13:21:00', 'scheduled', '2024-03-24 17:20:19', '2024-03-24 17:20:19', NULL),
(13, 'Asr', 1, 1, 'WLY01', '2024-03-27', 3, '16:22:00', 'scheduled', '2024-03-24 17:20:19', '2024-03-24 17:20:19', NULL),
(14, 'Maghrib', 1, 1, 'WLY01', '2024-03-27', 4, '19:24:00', 'scheduled', '2024-03-24 17:20:19', '2024-03-24 17:20:19', NULL),
(15, 'Isha', 1, 1, 'WLY01', '2024-03-27', 5, '20:33:00', 'scheduled', '2024-03-24 17:20:19', '2024-03-24 17:20:19', NULL),
(16, 'Fajr', 1, 1, 'WLY01', '2024-03-28', 1, '06:07:00', 'scheduled', '2024-03-24 17:20:19', '2024-03-24 17:20:19', NULL),
(17, 'Dhuhr', 1, 1, 'WLY01', '2024-03-28', 2, '13:21:00', 'scheduled', '2024-03-24 17:20:19', '2024-03-24 17:20:19', NULL),
(18, 'Asr', 1, 1, 'WLY01', '2024-03-28', 3, '16:21:00', 'scheduled', '2024-03-24 17:20:19', '2024-03-24 17:20:19', NULL),
(19, 'Maghrib', 1, 1, 'WLY01', '2024-03-28', 4, '19:24:00', 'scheduled', '2024-03-24 17:20:19', '2024-03-24 17:20:19', NULL),
(20, 'Isha', 1, 1, 'WLY01', '2024-03-28', 5, '20:33:00', 'scheduled', '2024-03-24 17:20:19', '2024-03-24 17:20:19', NULL),
(21, 'Fajr', 1, 1, 'WLY01', '2024-03-29', 1, '06:06:00', 'scheduled', '2024-03-24 17:20:19', '2024-03-24 17:20:19', NULL),
(22, 'Dhuhr', 1, 1, 'WLY01', '2024-03-29', 2, '13:21:00', 'scheduled', '2024-03-24 17:20:19', '2024-03-24 17:20:19', NULL),
(23, 'Asr', 1, 1, 'WLY01', '2024-03-29', 3, '16:21:00', 'scheduled', '2024-03-24 17:20:19', '2024-03-24 17:20:19', NULL),
(24, 'Maghrib', 1, 1, 'WLY01', '2024-03-29', 4, '19:24:00', 'scheduled', '2024-03-24 17:20:19', '2024-03-24 17:20:19', NULL),
(25, 'Isha', 1, 1, 'WLY01', '2024-03-29', 5, '20:33:00', 'scheduled', '2024-03-24 17:20:19', '2024-03-24 17:20:19', NULL),
(26, 'Fajr', 1, 1, 'WLY01', '2024-03-30', 1, '06:06:00', 'scheduled', '2024-03-24 17:20:19', '2024-03-24 17:20:19', NULL),
(27, 'Dhuhr', 1, 1, 'WLY01', '2024-03-30', 2, '13:20:00', 'scheduled', '2024-03-24 17:20:19', '2024-03-24 17:20:19', NULL),
(28, 'Asr', 1, 1, 'WLY01', '2024-03-30', 3, '16:21:00', 'scheduled', '2024-03-24 17:20:19', '2024-03-24 17:20:19', NULL),
(29, 'Maghrib', 1, 1, 'WLY01', '2024-03-30', 4, '19:24:00', 'scheduled', '2024-03-24 17:20:19', '2024-03-24 17:20:19', NULL),
(30, 'Isha', 1, 1, 'WLY01', '2024-03-30', 5, '20:33:00', 'scheduled', '2024-03-24 17:20:19', '2024-03-24 17:20:19', NULL),
(31, 'Fajr', 1, 1, 'WLY01', '2024-03-31', 1, '06:06:00', 'scheduled', '2024-03-24 17:20:19', '2024-03-24 17:20:19', NULL),
(32, 'Dhuhr', 1, 1, 'WLY01', '2024-03-31', 2, '13:20:00', 'scheduled', '2024-03-24 17:20:19', '2024-03-24 17:20:19', NULL),
(33, 'Asr', 1, 1, 'WLY01', '2024-03-31', 3, '16:22:00', 'scheduled', '2024-03-24 17:20:19', '2024-03-24 17:20:19', NULL),
(34, 'Maghrib', 1, 1, 'WLY01', '2024-03-31', 4, '19:24:00', 'scheduled', '2024-03-24 17:20:19', '2024-03-24 17:20:19', NULL),
(35, 'Isha', 1, 1, 'WLY01', '2024-03-31', 5, '20:33:00', 'scheduled', '2024-03-24 17:20:19', '2024-03-24 17:20:19', NULL),
(36, 'Fajr', 1, 1, 'WLY01', '2024-04-01', 1, '06:05:00', 'scheduled', '2024-03-24 17:20:19', '2024-03-24 17:20:19', NULL),
(37, 'Dhuhr', 1, 1, 'WLY01', '2024-04-01', 2, '13:20:00', 'scheduled', '2024-03-24 17:20:19', '2024-03-24 17:20:19', NULL),
(38, 'Asr', 1, 1, 'WLY01', '2024-04-01', 3, '16:22:00', 'scheduled', '2024-03-24 17:20:19', '2024-03-24 17:20:19', NULL),
(39, 'Maghrib', 1, 1, 'WLY01', '2024-04-01', 4, '19:23:00', 'scheduled', '2024-03-24 17:20:19', '2024-03-24 17:20:19', NULL),
(40, 'Isha', 1, 1, 'WLY01', '2024-04-01', 5, '20:32:00', 'scheduled', '2024-03-24 17:20:19', '2024-03-24 17:20:19', NULL),
(41, 'Fajr', 1, 2, 'SWK02', '2024-03-25', 1, '05:19:00', 'scheduled', '2024-03-24 17:20:19', '2024-03-24 17:20:19', NULL),
(42, 'Dhuhr', 1, 2, 'SWK02', '2024-03-25', 2, '12:33:00', 'scheduled', '2024-03-24 17:20:19', '2024-03-24 17:20:19', NULL),
(43, 'Asr', 1, 2, 'SWK02', '2024-03-25', 3, '15:35:00', 'scheduled', '2024-03-24 17:20:19', '2024-03-24 17:20:19', NULL),
(44, 'Maghrib', 1, 2, 'SWK02', '2024-03-25', 4, '18:35:00', 'scheduled', '2024-03-24 17:20:19', '2024-03-24 17:20:19', NULL),
(45, 'Isha', 1, 2, 'SWK02', '2024-03-25', 5, '19:44:00', 'scheduled', '2024-03-24 17:20:19', '2024-03-24 17:20:19', NULL),
(46, 'Fajr', 1, 2, 'SWK02', '2024-03-26', 1, '05:18:00', 'scheduled', '2024-03-24 17:20:19', '2024-03-24 17:20:19', NULL),
(47, 'Dhuhr', 1, 2, 'SWK02', '2024-03-26', 2, '12:32:00', 'scheduled', '2024-03-24 17:20:19', '2024-03-24 17:20:19', NULL),
(48, 'Asr', 1, 2, 'SWK02', '2024-03-26', 3, '15:34:00', 'scheduled', '2024-03-24 17:20:19', '2024-03-24 17:20:19', NULL),
(49, 'Maghrib', 1, 2, 'SWK02', '2024-03-26', 4, '18:35:00', 'scheduled', '2024-03-24 17:20:19', '2024-03-24 17:20:19', NULL),
(50, 'Isha', 1, 2, 'SWK02', '2024-03-26', 5, '19:44:00', 'scheduled', '2024-03-24 17:20:19', '2024-03-24 17:20:19', NULL),
(51, 'Fajr', 1, 2, 'SWK02', '2024-03-27', 1, '05:18:00', 'scheduled', '2024-03-24 17:20:19', '2024-03-24 17:20:19', NULL),
(52, 'Dhuhr', 1, 2, 'SWK02', '2024-03-27', 2, '12:32:00', 'scheduled', '2024-03-24 17:20:19', '2024-03-24 17:20:19', NULL),
(53, 'Asr', 1, 2, 'SWK02', '2024-03-27', 3, '15:33:00', 'scheduled', '2024-03-24 17:20:19', '2024-03-24 17:20:19', NULL),
(54, 'Maghrib', 1, 2, 'SWK02', '2024-03-27', 4, '18:35:00', 'scheduled', '2024-03-24 17:20:19', '2024-03-24 17:20:19', NULL),
(55, 'Isha', 1, 2, 'SWK02', '2024-03-27', 5, '19:44:00', 'scheduled', '2024-03-24 17:20:19', '2024-03-24 17:20:19', NULL),
(56, 'Fajr', 1, 2, 'SWK02', '2024-03-28', 1, '05:17:00', 'scheduled', '2024-03-24 17:20:19', '2024-03-24 17:20:19', NULL),
(57, 'Dhuhr', 1, 2, 'SWK02', '2024-03-28', 2, '12:32:00', 'scheduled', '2024-03-24 17:20:19', '2024-03-24 17:20:19', NULL),
(58, 'Asr', 1, 2, 'SWK02', '2024-03-28', 3, '15:32:00', 'scheduled', '2024-03-24 17:20:19', '2024-03-24 17:20:19', NULL),
(59, 'Maghrib', 1, 2, 'SWK02', '2024-03-28', 4, '18:35:00', 'scheduled', '2024-03-24 17:20:19', '2024-03-24 17:20:19', NULL),
(60, 'Isha', 1, 2, 'SWK02', '2024-03-28', 5, '19:44:00', 'scheduled', '2024-03-24 17:20:19', '2024-03-24 17:20:19', NULL),
(61, 'Fajr', 1, 2, 'SWK02', '2024-03-29', 1, '05:17:00', 'scheduled', '2024-03-24 17:20:19', '2024-03-24 17:20:19', NULL),
(62, 'Dhuhr', 1, 2, 'SWK02', '2024-03-29', 2, '12:31:00', 'scheduled', '2024-03-24 17:20:19', '2024-03-24 17:20:19', NULL),
(63, 'Asr', 1, 2, 'SWK02', '2024-03-29', 3, '15:31:00', 'scheduled', '2024-03-24 17:20:19', '2024-03-24 17:20:19', NULL),
(64, 'Maghrib', 1, 2, 'SWK02', '2024-03-29', 4, '18:35:00', 'scheduled', '2024-03-24 17:20:19', '2024-03-24 17:20:19', NULL),
(65, 'Isha', 1, 2, 'SWK02', '2024-03-29', 5, '19:44:00', 'scheduled', '2024-03-24 17:20:19', '2024-03-24 17:20:19', NULL),
(66, 'Fajr', 1, 2, 'SWK02', '2024-03-30', 1, '05:17:00', 'scheduled', '2024-03-24 17:20:19', '2024-03-24 17:20:19', NULL),
(67, 'Dhuhr', 1, 2, 'SWK02', '2024-03-30', 2, '12:31:00', 'scheduled', '2024-03-24 17:20:19', '2024-03-24 17:20:19', NULL),
(68, 'Asr', 1, 2, 'SWK02', '2024-03-30', 3, '15:31:00', 'scheduled', '2024-03-24 17:20:19', '2024-03-24 17:20:19', NULL),
(69, 'Maghrib', 1, 2, 'SWK02', '2024-03-30', 4, '18:34:00', 'scheduled', '2024-03-24 17:20:19', '2024-03-24 17:20:19', NULL),
(70, 'Isha', 1, 2, 'SWK02', '2024-03-30', 5, '19:44:00', 'scheduled', '2024-03-24 17:20:19', '2024-03-24 17:20:19', NULL),
(71, 'Fajr', 1, 2, 'SWK02', '2024-03-31', 1, '05:16:00', 'scheduled', '2024-03-24 17:20:19', '2024-03-24 17:20:19', NULL),
(72, 'Dhuhr', 1, 2, 'SWK02', '2024-03-31', 2, '12:31:00', 'scheduled', '2024-03-24 17:20:19', '2024-03-24 17:20:19', NULL),
(73, 'Asr', 1, 2, 'SWK02', '2024-03-31', 3, '15:31:00', 'scheduled', '2024-03-24 17:20:19', '2024-03-24 17:20:19', NULL),
(74, 'Maghrib', 1, 2, 'SWK02', '2024-03-31', 4, '18:34:00', 'scheduled', '2024-03-24 17:20:19', '2024-03-24 17:20:19', NULL),
(75, 'Isha', 1, 2, 'SWK02', '2024-03-31', 5, '19:43:00', 'scheduled', '2024-03-24 17:20:19', '2024-03-24 17:20:19', NULL),
(76, 'Fajr', 1, 2, 'SWK02', '2024-04-01', 1, '05:16:00', 'scheduled', '2024-03-24 17:20:19', '2024-03-24 17:20:19', NULL),
(77, 'Dhuhr', 1, 2, 'SWK02', '2024-04-01', 2, '12:30:00', 'scheduled', '2024-03-24 17:20:19', '2024-03-24 17:20:19', NULL),
(78, 'Asr', 1, 2, 'SWK02', '2024-04-01', 3, '15:32:00', 'scheduled', '2024-03-24 17:20:19', '2024-03-24 17:20:19', NULL),
(79, 'Maghrib', 1, 2, 'SWK02', '2024-04-01', 4, '18:34:00', 'scheduled', '2024-03-24 17:20:19', '2024-03-24 17:20:19', NULL),
(80, 'Isha', 1, 2, 'SWK02', '2024-04-01', 5, '19:43:00', 'scheduled', '2024-03-24 17:20:19', '2024-03-24 17:20:19', NULL),
(81, 'Fajr', 2, 3, 'JHR01', '2024-03-25', 1, '05:57:00', 'scheduled', '2024-03-24 17:20:20', '2024-03-24 17:20:20', NULL),
(82, 'Dhuhr', 2, 3, 'JHR01', '2024-03-25', 2, '13:10:00', 'scheduled', '2024-03-24 17:20:20', '2024-03-24 17:20:20', NULL),
(83, 'Asr', 2, 3, 'JHR01', '2024-03-25', 3, '16:11:00', 'scheduled', '2024-03-24 17:20:20', '2024-03-24 17:20:20', NULL),
(84, 'Maghrib', 2, 3, 'JHR01', '2024-03-25', 4, '19:13:00', 'scheduled', '2024-03-24 17:20:20', '2024-03-24 17:20:20', NULL),
(85, 'Isha', 2, 3, 'JHR01', '2024-03-25', 5, '20:22:00', 'scheduled', '2024-03-24 17:20:20', '2024-03-24 17:20:20', NULL),
(86, 'Fajr', 2, 3, 'JHR01', '2024-03-26', 1, '05:56:00', 'scheduled', '2024-03-24 17:20:20', '2024-03-24 17:20:20', NULL),
(87, 'Dhuhr', 2, 3, 'JHR01', '2024-03-26', 2, '13:10:00', 'scheduled', '2024-03-24 17:20:20', '2024-03-24 17:20:20', NULL),
(88, 'Asr', 2, 3, 'JHR01', '2024-03-26', 3, '16:09:00', 'scheduled', '2024-03-24 17:20:20', '2024-03-24 17:20:20', NULL),
(89, 'Maghrib', 2, 3, 'JHR01', '2024-03-26', 4, '19:13:00', 'scheduled', '2024-03-24 17:20:20', '2024-03-24 17:20:20', NULL),
(90, 'Isha', 2, 3, 'JHR01', '2024-03-26', 5, '20:21:00', 'scheduled', '2024-03-24 17:20:20', '2024-03-24 17:20:20', NULL),
(91, 'Fajr', 2, 3, 'JHR01', '2024-03-27', 1, '05:56:00', 'scheduled', '2024-03-24 17:20:20', '2024-03-24 17:20:20', NULL),
(92, 'Dhuhr', 2, 3, 'JHR01', '2024-03-27', 2, '13:10:00', 'scheduled', '2024-03-24 17:20:20', '2024-03-24 17:20:20', NULL),
(93, 'Asr', 2, 3, 'JHR01', '2024-03-27', 3, '16:09:00', 'scheduled', '2024-03-24 17:20:20', '2024-03-24 17:20:20', NULL),
(94, 'Maghrib', 2, 3, 'JHR01', '2024-03-27', 4, '19:12:00', 'scheduled', '2024-03-24 17:20:20', '2024-03-24 17:20:20', NULL),
(95, 'Isha', 2, 3, 'JHR01', '2024-03-27', 5, '20:21:00', 'scheduled', '2024-03-24 17:20:20', '2024-03-24 17:20:20', NULL),
(96, 'Fajr', 2, 3, 'JHR01', '2024-03-28', 1, '05:56:00', 'scheduled', '2024-03-24 17:20:20', '2024-03-24 17:20:20', NULL),
(97, 'Dhuhr', 2, 3, 'JHR01', '2024-03-28', 2, '13:10:00', 'scheduled', '2024-03-24 17:20:20', '2024-03-24 17:20:20', NULL),
(98, 'Asr', 2, 3, 'JHR01', '2024-03-28', 3, '16:09:00', 'scheduled', '2024-03-24 17:20:20', '2024-03-24 17:20:20', NULL),
(99, 'Maghrib', 2, 3, 'JHR01', '2024-03-28', 4, '19:12:00', 'scheduled', '2024-03-24 17:20:20', '2024-03-24 17:20:20', NULL),
(100, 'Isha', 2, 3, 'JHR01', '2024-03-28', 5, '20:21:00', 'scheduled', '2024-03-24 17:20:20', '2024-03-24 17:20:20', NULL),
(101, 'Fajr', 2, 3, 'JHR01', '2024-03-29', 1, '05:55:00', 'scheduled', '2024-03-24 17:20:20', '2024-03-24 17:20:20', NULL),
(102, 'Dhuhr', 2, 3, 'JHR01', '2024-03-29', 2, '13:09:00', 'scheduled', '2024-03-24 17:20:20', '2024-03-24 17:20:20', NULL),
(103, 'Asr', 2, 3, 'JHR01', '2024-03-29', 3, '16:10:00', 'scheduled', '2024-03-24 17:20:20', '2024-03-24 17:20:20', NULL),
(104, 'Maghrib', 2, 3, 'JHR01', '2024-03-29', 4, '19:12:00', 'scheduled', '2024-03-24 17:20:20', '2024-03-24 17:20:20', NULL),
(105, 'Isha', 2, 3, 'JHR01', '2024-03-29', 5, '20:21:00', 'scheduled', '2024-03-24 17:20:20', '2024-03-24 17:20:20', NULL),
(106, 'Fajr', 2, 3, 'JHR01', '2024-03-30', 1, '05:55:00', 'scheduled', '2024-03-24 17:20:20', '2024-03-24 17:20:20', NULL),
(107, 'Dhuhr', 2, 3, 'JHR01', '2024-03-30', 2, '13:09:00', 'scheduled', '2024-03-24 17:20:20', '2024-03-24 17:20:20', NULL),
(108, 'Asr', 2, 3, 'JHR01', '2024-03-30', 3, '16:10:00', 'scheduled', '2024-03-24 17:20:20', '2024-03-24 17:20:20', NULL),
(109, 'Maghrib', 2, 3, 'JHR01', '2024-03-30', 4, '19:12:00', 'scheduled', '2024-03-24 17:20:20', '2024-03-24 17:20:20', NULL),
(110, 'Isha', 2, 3, 'JHR01', '2024-03-30', 5, '20:21:00', 'scheduled', '2024-03-24 17:20:20', '2024-03-24 17:20:20', NULL),
(111, 'Fajr', 2, 3, 'JHR01', '2024-03-31', 1, '05:54:00', 'scheduled', '2024-03-24 17:20:20', '2024-03-24 17:20:20', NULL),
(112, 'Dhuhr', 2, 3, 'JHR01', '2024-03-31', 2, '13:09:00', 'scheduled', '2024-03-24 17:20:20', '2024-03-24 17:20:20', NULL),
(113, 'Asr', 2, 3, 'JHR01', '2024-03-31', 3, '16:11:00', 'scheduled', '2024-03-24 17:20:20', '2024-03-24 17:20:20', NULL),
(114, 'Maghrib', 2, 3, 'JHR01', '2024-03-31', 4, '19:11:00', 'scheduled', '2024-03-24 17:20:20', '2024-03-24 17:20:20', NULL),
(115, 'Isha', 2, 3, 'JHR01', '2024-03-31', 5, '20:20:00', 'scheduled', '2024-03-24 17:20:20', '2024-03-24 17:20:20', NULL),
(116, 'Fajr', 2, 3, 'JHR01', '2024-04-01', 1, '05:54:00', 'scheduled', '2024-03-24 17:20:20', '2024-03-24 17:20:20', NULL),
(117, 'Dhuhr', 2, 3, 'JHR01', '2024-04-01', 2, '13:08:00', 'scheduled', '2024-03-24 17:20:20', '2024-03-24 17:20:20', NULL),
(118, 'Asr', 2, 3, 'JHR01', '2024-04-01', 3, '16:11:00', 'scheduled', '2024-03-24 17:20:20', '2024-03-24 17:20:20', NULL),
(119, 'Maghrib', 2, 3, 'JHR01', '2024-04-01', 4, '19:11:00', 'scheduled', '2024-03-24 17:20:20', '2024-03-24 17:20:20', NULL),
(120, 'Isha', 2, 3, 'JHR01', '2024-04-01', 5, '20:20:00', 'scheduled', '2024-03-24 17:20:20', '2024-03-24 17:20:20', NULL),
(121, 'Fajr', 2, 4, 'KDH01', '2024-03-25', 1, '06:12:00', 'scheduled', '2024-03-24 17:20:20', '2024-03-24 17:20:20', NULL),
(122, 'Dhuhr', 2, 4, 'KDH01', '2024-03-25', 2, '13:27:00', 'scheduled', '2024-03-24 17:20:20', '2024-03-24 17:20:20', NULL),
(123, 'Asr', 2, 4, 'KDH01', '2024-03-25', 3, '16:34:00', 'scheduled', '2024-03-24 17:20:20', '2024-03-24 17:20:20', NULL),
(124, 'Maghrib', 2, 4, 'KDH01', '2024-03-25', 4, '19:30:00', 'scheduled', '2024-03-24 17:20:20', '2024-03-24 17:20:20', NULL),
(125, 'Isha', 2, 4, 'KDH01', '2024-03-25', 5, '20:39:00', 'scheduled', '2024-03-24 17:20:20', '2024-03-24 17:20:20', NULL),
(126, 'Fajr', 2, 4, 'KDH01', '2024-03-26', 1, '06:12:00', 'scheduled', '2024-03-24 17:20:20', '2024-03-24 17:20:20', NULL),
(127, 'Dhuhr', 2, 4, 'KDH01', '2024-03-26', 2, '13:26:00', 'scheduled', '2024-03-24 17:20:20', '2024-03-24 17:20:20', NULL),
(128, 'Asr', 2, 4, 'KDH01', '2024-03-26', 3, '16:33:00', 'scheduled', '2024-03-24 17:20:20', '2024-03-24 17:20:20', NULL),
(129, 'Maghrib', 2, 4, 'KDH01', '2024-03-26', 4, '19:30:00', 'scheduled', '2024-03-24 17:20:20', '2024-03-24 17:20:20', NULL),
(130, 'Isha', 2, 4, 'KDH01', '2024-03-26', 5, '20:39:00', 'scheduled', '2024-03-24 17:20:20', '2024-03-24 17:20:20', NULL),
(131, 'Fajr', 2, 4, 'KDH01', '2024-03-27', 1, '06:11:00', 'scheduled', '2024-03-24 17:20:20', '2024-03-24 17:20:20', NULL),
(132, 'Dhuhr', 2, 4, 'KDH01', '2024-03-27', 2, '13:26:00', 'scheduled', '2024-03-24 17:20:20', '2024-03-24 17:20:20', NULL),
(133, 'Asr', 2, 4, 'KDH01', '2024-03-27', 3, '16:32:00', 'scheduled', '2024-03-24 17:20:20', '2024-03-24 17:20:20', NULL),
(134, 'Maghrib', 2, 4, 'KDH01', '2024-03-27', 4, '19:30:00', 'scheduled', '2024-03-24 17:20:20', '2024-03-24 17:20:20', NULL),
(135, 'Isha', 2, 4, 'KDH01', '2024-03-27', 5, '20:39:00', 'scheduled', '2024-03-24 17:20:20', '2024-03-24 17:20:20', NULL),
(136, 'Fajr', 2, 4, 'KDH01', '2024-03-28', 1, '06:11:00', 'scheduled', '2024-03-24 17:20:20', '2024-03-24 17:20:20', NULL),
(137, 'Dhuhr', 2, 4, 'KDH01', '2024-03-28', 2, '13:26:00', 'scheduled', '2024-03-24 17:20:20', '2024-03-24 17:20:20', NULL),
(138, 'Asr', 2, 4, 'KDH01', '2024-03-28', 3, '16:31:00', 'scheduled', '2024-03-24 17:20:20', '2024-03-24 17:20:20', NULL),
(139, 'Maghrib', 2, 4, 'KDH01', '2024-03-28', 4, '19:29:00', 'scheduled', '2024-03-24 17:20:20', '2024-03-24 17:20:20', NULL),
(140, 'Isha', 2, 4, 'KDH01', '2024-03-28', 5, '20:39:00', 'scheduled', '2024-03-24 17:20:20', '2024-03-24 17:20:20', NULL),
(141, 'Fajr', 2, 4, 'KDH01', '2024-03-29', 1, '06:10:00', 'scheduled', '2024-03-24 17:20:20', '2024-03-24 17:20:20', NULL),
(142, 'Dhuhr', 2, 4, 'KDH01', '2024-03-29', 2, '13:25:00', 'scheduled', '2024-03-24 17:20:20', '2024-03-24 17:20:20', NULL),
(143, 'Asr', 2, 4, 'KDH01', '2024-03-29', 3, '16:30:00', 'scheduled', '2024-03-24 17:20:20', '2024-03-24 17:20:20', NULL),
(144, 'Maghrib', 2, 4, 'KDH01', '2024-03-29', 4, '19:29:00', 'scheduled', '2024-03-24 17:20:20', '2024-03-24 17:20:20', NULL),
(145, 'Isha', 2, 4, 'KDH01', '2024-03-29', 5, '20:39:00', 'scheduled', '2024-03-24 17:20:20', '2024-03-24 17:20:20', NULL),
(146, 'Fajr', 2, 4, 'KDH01', '2024-03-30', 1, '06:10:00', 'scheduled', '2024-03-24 17:20:20', '2024-03-24 17:20:20', NULL),
(147, 'Dhuhr', 2, 4, 'KDH01', '2024-03-30', 2, '13:25:00', 'scheduled', '2024-03-24 17:20:20', '2024-03-24 17:20:20', NULL),
(148, 'Asr', 2, 4, 'KDH01', '2024-03-30', 3, '16:29:00', 'scheduled', '2024-03-24 17:20:20', '2024-03-24 17:20:20', NULL),
(149, 'Maghrib', 2, 4, 'KDH01', '2024-03-30', 4, '19:29:00', 'scheduled', '2024-03-24 17:20:20', '2024-03-24 17:20:20', NULL),
(150, 'Isha', 2, 4, 'KDH01', '2024-03-30', 5, '20:39:00', 'scheduled', '2024-03-24 17:20:20', '2024-03-24 17:20:20', NULL),
(151, 'Fajr', 2, 4, 'KDH01', '2024-03-31', 1, '06:09:00', 'scheduled', '2024-03-24 17:20:20', '2024-03-24 17:20:20', NULL),
(152, 'Dhuhr', 2, 4, 'KDH01', '2024-03-31', 2, '13:25:00', 'scheduled', '2024-03-24 17:20:20', '2024-03-24 17:20:20', NULL),
(153, 'Asr', 2, 4, 'KDH01', '2024-03-31', 3, '16:28:00', 'scheduled', '2024-03-24 17:20:20', '2024-03-24 17:20:20', NULL),
(154, 'Maghrib', 2, 4, 'KDH01', '2024-03-31', 4, '19:29:00', 'scheduled', '2024-03-24 17:20:20', '2024-03-24 17:20:20', NULL),
(155, 'Isha', 2, 4, 'KDH01', '2024-03-31', 5, '20:38:00', 'scheduled', '2024-03-24 17:20:20', '2024-03-24 17:20:20', NULL),
(156, 'Fajr', 2, 4, 'KDH01', '2024-04-01', 1, '06:09:00', 'scheduled', '2024-03-24 17:20:20', '2024-03-24 17:20:20', NULL),
(157, 'Dhuhr', 2, 4, 'KDH01', '2024-04-01', 2, '13:25:00', 'scheduled', '2024-03-24 17:20:20', '2024-03-24 17:20:20', NULL),
(158, 'Asr', 2, 4, 'KDH01', '2024-04-01', 3, '16:27:00', 'scheduled', '2024-03-24 17:20:20', '2024-03-24 17:20:20', NULL),
(159, 'Maghrib', 2, 4, 'KDH01', '2024-04-01', 4, '19:29:00', 'scheduled', '2024-03-24 17:20:20', '2024-03-24 17:20:20', NULL),
(160, 'Isha', 2, 4, 'KDH01', '2024-04-01', 5, '20:38:00', 'scheduled', '2024-03-24 17:20:20', '2024-03-24 17:20:20', NULL),
(161, 'Fajr', 2, 5, 'MLK01', '2024-03-25', 1, '06:06:00', 'scheduled', '2024-03-24 17:20:20', '2024-03-24 17:20:20', NULL),
(162, 'Dhuhr', 2, 5, 'MLK01', '2024-03-25', 2, '13:20:00', 'scheduled', '2024-03-24 17:20:20', '2024-03-24 17:20:20', NULL),
(163, 'Asr', 2, 5, 'MLK01', '2024-03-25', 3, '16:19:00', 'scheduled', '2024-03-24 17:20:20', '2024-03-24 17:20:20', NULL),
(164, 'Maghrib', 2, 5, 'MLK01', '2024-03-25', 4, '19:22:00', 'scheduled', '2024-03-24 17:20:20', '2024-03-24 17:20:20', NULL),
(165, 'Isha', 2, 5, 'MLK01', '2024-03-25', 5, '20:31:00', 'scheduled', '2024-03-24 17:20:20', '2024-03-24 17:20:20', NULL),
(166, 'Fajr', 2, 5, 'MLK01', '2024-03-26', 1, '06:06:00', 'scheduled', '2024-03-24 17:20:20', '2024-03-24 17:20:20', NULL),
(167, 'Dhuhr', 2, 5, 'MLK01', '2024-03-26', 2, '13:19:00', 'scheduled', '2024-03-24 17:20:20', '2024-03-24 17:20:20', NULL),
(168, 'Asr', 2, 5, 'MLK01', '2024-03-26', 3, '16:18:00', 'scheduled', '2024-03-24 17:20:20', '2024-03-24 17:20:20', NULL),
(169, 'Maghrib', 2, 5, 'MLK01', '2024-03-26', 4, '19:22:00', 'scheduled', '2024-03-24 17:20:20', '2024-03-24 17:20:20', NULL),
(170, 'Isha', 2, 5, 'MLK01', '2024-03-26', 5, '20:31:00', 'scheduled', '2024-03-24 17:20:20', '2024-03-24 17:20:20', NULL),
(171, 'Fajr', 2, 5, 'MLK01', '2024-03-27', 1, '06:05:00', 'scheduled', '2024-03-24 17:20:20', '2024-03-24 17:20:20', NULL),
(172, 'Dhuhr', 2, 5, 'MLK01', '2024-03-27', 2, '13:19:00', 'scheduled', '2024-03-24 17:20:20', '2024-03-24 17:20:20', NULL),
(173, 'Asr', 2, 5, 'MLK01', '2024-03-27', 3, '16:19:00', 'scheduled', '2024-03-24 17:20:20', '2024-03-24 17:20:20', NULL),
(174, 'Maghrib', 2, 5, 'MLK01', '2024-03-27', 4, '19:22:00', 'scheduled', '2024-03-24 17:20:20', '2024-03-24 17:20:20', NULL),
(175, 'Isha', 2, 5, 'MLK01', '2024-03-27', 5, '20:31:00', 'scheduled', '2024-03-24 17:20:20', '2024-03-24 17:20:20', NULL),
(176, 'Fajr', 2, 5, 'MLK01', '2024-03-28', 1, '06:05:00', 'scheduled', '2024-03-24 17:20:20', '2024-03-24 17:20:20', NULL),
(177, 'Dhuhr', 2, 5, 'MLK01', '2024-03-28', 2, '13:19:00', 'scheduled', '2024-03-24 17:20:20', '2024-03-24 17:20:20', NULL),
(178, 'Asr', 2, 5, 'MLK01', '2024-03-28', 3, '16:19:00', 'scheduled', '2024-03-24 17:20:20', '2024-03-24 17:20:20', NULL),
(179, 'Maghrib', 2, 5, 'MLK01', '2024-03-28', 4, '19:21:00', 'scheduled', '2024-03-24 17:20:20', '2024-03-24 17:20:20', NULL),
(180, 'Isha', 2, 5, 'MLK01', '2024-03-28', 5, '20:30:00', 'scheduled', '2024-03-24 17:20:20', '2024-03-24 17:20:20', NULL),
(181, 'Fajr', 2, 5, 'MLK01', '2024-03-29', 1, '06:04:00', 'scheduled', '2024-03-24 17:20:20', '2024-03-24 17:20:20', NULL),
(182, 'Dhuhr', 2, 5, 'MLK01', '2024-03-29', 2, '13:18:00', 'scheduled', '2024-03-24 17:20:20', '2024-03-24 17:20:20', NULL),
(183, 'Asr', 2, 5, 'MLK01', '2024-03-29', 3, '16:20:00', 'scheduled', '2024-03-24 17:20:20', '2024-03-24 17:20:20', NULL),
(184, 'Maghrib', 2, 5, 'MLK01', '2024-03-29', 4, '19:21:00', 'scheduled', '2024-03-24 17:20:20', '2024-03-24 17:20:20', NULL),
(185, 'Isha', 2, 5, 'MLK01', '2024-03-29', 5, '20:30:00', 'scheduled', '2024-03-24 17:20:20', '2024-03-24 17:20:20', NULL),
(186, 'Fajr', 2, 5, 'MLK01', '2024-03-30', 1, '06:04:00', 'scheduled', '2024-03-24 17:20:20', '2024-03-24 17:20:20', NULL),
(187, 'Dhuhr', 2, 5, 'MLK01', '2024-03-30', 2, '13:18:00', 'scheduled', '2024-03-24 17:20:20', '2024-03-24 17:20:20', NULL),
(188, 'Asr', 2, 5, 'MLK01', '2024-03-30', 3, '16:20:00', 'scheduled', '2024-03-24 17:20:20', '2024-03-24 17:20:20', NULL),
(189, 'Maghrib', 2, 5, 'MLK01', '2024-03-30', 4, '19:21:00', 'scheduled', '2024-03-24 17:20:20', '2024-03-24 17:20:20', NULL),
(190, 'Isha', 2, 5, 'MLK01', '2024-03-30', 5, '20:30:00', 'scheduled', '2024-03-24 17:20:20', '2024-03-24 17:20:20', NULL),
(191, 'Fajr', 2, 5, 'MLK01', '2024-03-31', 1, '06:04:00', 'scheduled', '2024-03-24 17:20:20', '2024-03-24 17:20:20', NULL),
(192, 'Dhuhr', 2, 5, 'MLK01', '2024-03-31', 2, '13:18:00', 'scheduled', '2024-03-24 17:20:20', '2024-03-24 17:20:20', NULL),
(193, 'Asr', 2, 5, 'MLK01', '2024-03-31', 3, '16:21:00', 'scheduled', '2024-03-24 17:20:20', '2024-03-24 17:20:20', NULL),
(194, 'Maghrib', 2, 5, 'MLK01', '2024-03-31', 4, '19:21:00', 'scheduled', '2024-03-24 17:20:20', '2024-03-24 17:20:20', NULL),
(195, 'Isha', 2, 5, 'MLK01', '2024-03-31', 5, '20:30:00', 'scheduled', '2024-03-24 17:20:20', '2024-03-24 17:20:20', NULL),
(196, 'Fajr', 2, 5, 'MLK01', '2024-04-01', 1, '06:03:00', 'scheduled', '2024-03-24 17:20:20', '2024-03-24 17:20:20', NULL),
(197, 'Dhuhr', 2, 5, 'MLK01', '2024-04-01', 2, '13:17:00', 'scheduled', '2024-03-24 17:20:20', '2024-03-24 17:20:20', NULL),
(198, 'Asr', 2, 5, 'MLK01', '2024-04-01', 3, '16:21:00', 'scheduled', '2024-03-24 17:20:20', '2024-03-24 17:20:20', NULL),
(199, 'Maghrib', 2, 5, 'MLK01', '2024-04-01', 4, '19:20:00', 'scheduled', '2024-03-24 17:20:20', '2024-03-24 17:20:20', NULL),
(200, 'Isha', 2, 5, 'MLK01', '2024-04-01', 5, '20:30:00', 'scheduled', '2024-03-24 17:20:20', '2024-03-24 17:20:20', NULL),
(201, 'Fajr', 1, 6, 'JHR03', '2024-03-25', 1, '06:01:00', 'scheduled', '2024-03-24 18:30:35', '2024-03-24 18:30:35', NULL),
(202, 'Dhuhr', 1, 6, 'JHR03', '2024-03-25', 2, '13:15:00', 'scheduled', '2024-03-24 18:30:35', '2024-03-24 18:30:35', NULL),
(203, 'Asr', 1, 6, 'JHR03', '2024-03-25', 3, '16:14:00', 'scheduled', '2024-03-24 18:30:35', '2024-03-24 18:30:35', NULL),
(204, 'Maghrib', 1, 6, 'JHR03', '2024-03-25', 4, '19:17:00', 'scheduled', '2024-03-24 18:30:35', '2024-03-24 18:30:35', NULL),
(205, 'Isha', 1, 6, 'JHR03', '2024-03-25', 5, '20:26:00', 'scheduled', '2024-03-24 18:30:35', '2024-03-24 18:30:35', NULL),
(206, 'Fajr', 1, 6, 'JHR03', '2024-03-26', 1, '06:01:00', 'scheduled', '2024-03-24 18:30:35', '2024-03-24 18:30:35', NULL),
(207, 'Dhuhr', 1, 6, 'JHR03', '2024-03-26', 2, '13:15:00', 'scheduled', '2024-03-24 18:30:35', '2024-03-24 18:30:35', NULL),
(208, 'Asr', 1, 6, 'JHR03', '2024-03-26', 3, '16:15:00', 'scheduled', '2024-03-24 18:30:35', '2024-03-24 18:30:35', NULL),
(209, 'Maghrib', 1, 6, 'JHR03', '2024-03-26', 4, '19:17:00', 'scheduled', '2024-03-24 18:30:35', '2024-03-24 18:30:35', NULL),
(210, 'Isha', 1, 6, 'JHR03', '2024-03-26', 5, '20:26:00', 'scheduled', '2024-03-24 18:30:35', '2024-03-24 18:30:35', NULL),
(211, 'Fajr', 1, 6, 'JHR03', '2024-03-27', 1, '06:01:00', 'scheduled', '2024-03-24 18:30:35', '2024-03-24 18:30:35', NULL),
(212, 'Dhuhr', 1, 6, 'JHR03', '2024-03-27', 2, '13:14:00', 'scheduled', '2024-03-24 18:30:35', '2024-03-24 18:30:35', NULL),
(213, 'Asr', 1, 6, 'JHR03', '2024-03-27', 3, '16:15:00', 'scheduled', '2024-03-24 18:30:35', '2024-03-24 18:30:35', NULL),
(214, 'Maghrib', 1, 6, 'JHR03', '2024-03-27', 4, '19:17:00', 'scheduled', '2024-03-24 18:30:35', '2024-03-24 18:30:35', NULL),
(215, 'Isha', 1, 6, 'JHR03', '2024-03-27', 5, '20:25:00', 'scheduled', '2024-03-24 18:30:35', '2024-03-24 18:30:35', NULL),
(216, 'Fajr', 1, 6, 'JHR03', '2024-03-28', 1, '06:00:00', 'scheduled', '2024-03-24 18:30:35', '2024-03-24 18:30:35', NULL),
(217, 'Dhuhr', 1, 6, 'JHR03', '2024-03-28', 2, '13:14:00', 'scheduled', '2024-03-24 18:30:35', '2024-03-24 18:30:35', NULL),
(218, 'Asr', 1, 6, 'JHR03', '2024-03-28', 3, '16:16:00', 'scheduled', '2024-03-24 18:30:35', '2024-03-24 18:30:35', NULL),
(219, 'Maghrib', 1, 6, 'JHR03', '2024-03-28', 4, '19:16:00', 'scheduled', '2024-03-24 18:30:35', '2024-03-24 18:30:35', NULL),
(220, 'Isha', 1, 6, 'JHR03', '2024-03-28', 5, '20:25:00', 'scheduled', '2024-03-24 18:30:35', '2024-03-24 18:30:35', NULL),
(221, 'Fajr', 1, 6, 'JHR03', '2024-03-29', 1, '06:00:00', 'scheduled', '2024-03-24 18:30:35', '2024-03-24 18:30:35', NULL),
(222, 'Dhuhr', 1, 6, 'JHR03', '2024-03-29', 2, '13:14:00', 'scheduled', '2024-03-24 18:30:35', '2024-03-24 18:30:35', NULL),
(223, 'Asr', 1, 6, 'JHR03', '2024-03-29', 3, '16:16:00', 'scheduled', '2024-03-24 18:30:35', '2024-03-24 18:30:35', NULL),
(224, 'Maghrib', 1, 6, 'JHR03', '2024-03-29', 4, '19:16:00', 'scheduled', '2024-03-24 18:30:35', '2024-03-24 18:30:35', NULL),
(225, 'Isha', 1, 6, 'JHR03', '2024-03-29', 5, '20:25:00', 'scheduled', '2024-03-24 18:30:35', '2024-03-24 18:30:35', NULL),
(226, 'Fajr', 1, 6, 'JHR03', '2024-03-30', 1, '06:00:00', 'scheduled', '2024-03-24 18:30:35', '2024-03-24 18:30:35', NULL),
(227, 'Dhuhr', 1, 6, 'JHR03', '2024-03-30', 2, '13:13:00', 'scheduled', '2024-03-24 18:30:35', '2024-03-24 18:30:35', NULL),
(228, 'Asr', 1, 6, 'JHR03', '2024-03-30', 3, '16:16:00', 'scheduled', '2024-03-24 18:30:35', '2024-03-24 18:30:35', NULL),
(229, 'Maghrib', 1, 6, 'JHR03', '2024-03-30', 4, '19:16:00', 'scheduled', '2024-03-24 18:30:35', '2024-03-24 18:30:35', NULL),
(230, 'Isha', 1, 6, 'JHR03', '2024-03-30', 5, '20:25:00', 'scheduled', '2024-03-24 18:30:35', '2024-03-24 18:30:35', NULL),
(231, 'Fajr', 1, 6, 'JHR03', '2024-03-31', 1, '05:59:00', 'scheduled', '2024-03-24 18:30:35', '2024-03-24 18:30:35', NULL),
(232, 'Dhuhr', 1, 6, 'JHR03', '2024-03-31', 2, '13:13:00', 'scheduled', '2024-03-24 18:30:35', '2024-03-24 18:30:35', NULL),
(233, 'Asr', 1, 6, 'JHR03', '2024-03-31', 3, '16:17:00', 'scheduled', '2024-03-24 18:30:35', '2024-03-24 18:30:35', NULL),
(234, 'Maghrib', 1, 6, 'JHR03', '2024-03-31', 4, '19:16:00', 'scheduled', '2024-03-24 18:30:35', '2024-03-24 18:30:35', NULL),
(235, 'Isha', 1, 6, 'JHR03', '2024-03-31', 5, '20:24:00', 'scheduled', '2024-03-24 18:30:35', '2024-03-24 18:30:35', NULL),
(236, 'Fajr', 1, 6, 'JHR03', '2024-04-01', 1, '05:59:00', 'scheduled', '2024-03-24 18:30:35', '2024-03-24 18:30:35', NULL),
(237, 'Dhuhr', 1, 6, 'JHR03', '2024-04-01', 2, '13:13:00', 'scheduled', '2024-03-24 18:30:35', '2024-03-24 18:30:35', NULL),
(238, 'Asr', 1, 6, 'JHR03', '2024-04-01', 3, '16:17:00', 'scheduled', '2024-03-24 18:30:35', '2024-03-24 18:30:35', NULL),
(239, 'Maghrib', 1, 6, 'JHR03', '2024-04-01', 4, '19:15:00', 'scheduled', '2024-03-24 18:30:35', '2024-03-24 18:30:35', NULL),
(240, 'Isha', 1, 6, 'JHR03', '2024-04-01', 5, '20:24:00', 'scheduled', '2024-03-24 18:30:35', '2024-03-24 18:30:35', NULL),
(241, 'Fajr', 1, 7, 'KDH06', '2024-03-25', 1, '06:14:00', 'scheduled', '2024-03-24 18:43:00', '2024-03-24 18:43:00', NULL),
(242, 'Dhuhr', 1, 7, 'KDH06', '2024-03-25', 2, '13:29:00', 'scheduled', '2024-03-24 18:43:00', '2024-03-24 18:43:00', NULL),
(243, 'Asr', 1, 7, 'KDH06', '2024-03-25', 3, '16:37:00', 'scheduled', '2024-03-24 18:43:00', '2024-03-24 18:43:00', NULL),
(244, 'Maghrib', 1, 7, 'KDH06', '2024-03-25', 4, '19:32:00', 'scheduled', '2024-03-24 18:43:00', '2024-03-24 18:43:00', NULL),
(245, 'Isha', 1, 7, 'KDH06', '2024-03-25', 5, '20:41:00', 'scheduled', '2024-03-24 18:43:00', '2024-03-24 18:43:00', NULL),
(246, 'Fajr', 1, 7, 'KDH06', '2024-03-26', 1, '06:14:00', 'scheduled', '2024-03-24 18:43:00', '2024-03-24 18:43:00', NULL),
(247, 'Dhuhr', 1, 7, 'KDH06', '2024-03-26', 2, '13:28:00', 'scheduled', '2024-03-24 18:43:00', '2024-03-24 18:43:00', NULL),
(248, 'Asr', 1, 7, 'KDH06', '2024-03-26', 3, '16:36:00', 'scheduled', '2024-03-24 18:43:00', '2024-03-24 18:43:00', NULL),
(249, 'Maghrib', 1, 7, 'KDH06', '2024-03-26', 4, '19:32:00', 'scheduled', '2024-03-24 18:43:00', '2024-03-24 18:43:00', NULL),
(250, 'Isha', 1, 7, 'KDH06', '2024-03-26', 5, '20:41:00', 'scheduled', '2024-03-24 18:43:00', '2024-03-24 18:43:00', NULL),
(251, 'Fajr', 1, 7, 'KDH06', '2024-03-27', 1, '06:13:00', 'scheduled', '2024-03-24 18:43:00', '2024-03-24 18:43:00', NULL),
(252, 'Dhuhr', 1, 7, 'KDH06', '2024-03-27', 2, '13:28:00', 'scheduled', '2024-03-24 18:43:00', '2024-03-24 18:43:00', NULL),
(253, 'Asr', 1, 7, 'KDH06', '2024-03-27', 3, '16:35:00', 'scheduled', '2024-03-24 18:43:00', '2024-03-24 18:43:00', NULL),
(254, 'Maghrib', 1, 7, 'KDH06', '2024-03-27', 4, '19:32:00', 'scheduled', '2024-03-24 18:43:00', '2024-03-24 18:43:00', NULL),
(255, 'Isha', 1, 7, 'KDH06', '2024-03-27', 5, '20:41:00', 'scheduled', '2024-03-24 18:43:00', '2024-03-24 18:43:00', NULL),
(256, 'Fajr', 1, 7, 'KDH06', '2024-03-28', 1, '06:13:00', 'scheduled', '2024-03-24 18:43:00', '2024-03-24 18:43:00', NULL),
(257, 'Dhuhr', 1, 7, 'KDH06', '2024-03-28', 2, '13:28:00', 'scheduled', '2024-03-24 18:43:00', '2024-03-24 18:43:00', NULL),
(258, 'Asr', 1, 7, 'KDH06', '2024-03-28', 3, '16:34:00', 'scheduled', '2024-03-24 18:43:00', '2024-03-24 18:43:00', NULL),
(259, 'Maghrib', 1, 7, 'KDH06', '2024-03-28', 4, '19:31:00', 'scheduled', '2024-03-24 18:43:00', '2024-03-24 18:43:00', NULL),
(260, 'Isha', 1, 7, 'KDH06', '2024-03-28', 5, '20:41:00', 'scheduled', '2024-03-24 18:43:00', '2024-03-24 18:43:00', NULL),
(261, 'Fajr', 1, 7, 'KDH06', '2024-03-29', 1, '06:12:00', 'scheduled', '2024-03-24 18:43:00', '2024-03-24 18:43:00', NULL),
(262, 'Dhuhr', 1, 7, 'KDH06', '2024-03-29', 2, '13:27:00', 'scheduled', '2024-03-24 18:43:00', '2024-03-24 18:43:00', NULL),
(263, 'Asr', 1, 7, 'KDH06', '2024-03-29', 3, '16:33:00', 'scheduled', '2024-03-24 18:43:00', '2024-03-24 18:43:00', NULL),
(264, 'Maghrib', 1, 7, 'KDH06', '2024-03-29', 4, '19:31:00', 'scheduled', '2024-03-24 18:43:00', '2024-03-24 18:43:00', NULL),
(265, 'Isha', 1, 7, 'KDH06', '2024-03-29', 5, '20:41:00', 'scheduled', '2024-03-24 18:43:00', '2024-03-24 18:43:00', NULL),
(266, 'Fajr', 1, 7, 'KDH06', '2024-03-30', 1, '06:12:00', 'scheduled', '2024-03-24 18:43:00', '2024-03-24 18:43:00', NULL),
(267, 'Dhuhr', 1, 7, 'KDH06', '2024-03-30', 2, '13:27:00', 'scheduled', '2024-03-24 18:43:00', '2024-03-24 18:43:00', NULL),
(268, 'Asr', 1, 7, 'KDH06', '2024-03-30', 3, '16:32:00', 'scheduled', '2024-03-24 18:43:00', '2024-03-24 18:43:00', NULL),
(269, 'Maghrib', 1, 7, 'KDH06', '2024-03-30', 4, '19:31:00', 'scheduled', '2024-03-24 18:43:00', '2024-03-24 18:43:00', NULL),
(270, 'Isha', 1, 7, 'KDH06', '2024-03-30', 5, '20:41:00', 'scheduled', '2024-03-24 18:43:00', '2024-03-24 18:43:00', NULL),
(271, 'Fajr', 1, 7, 'KDH06', '2024-03-31', 1, '06:11:00', 'scheduled', '2024-03-24 18:43:00', '2024-03-24 18:43:00', NULL),
(272, 'Dhuhr', 1, 7, 'KDH06', '2024-03-31', 2, '13:27:00', 'scheduled', '2024-03-24 18:43:00', '2024-03-24 18:43:00', NULL),
(273, 'Asr', 1, 7, 'KDH06', '2024-03-31', 3, '16:31:00', 'scheduled', '2024-03-24 18:43:00', '2024-03-24 18:43:00', NULL),
(274, 'Maghrib', 1, 7, 'KDH06', '2024-03-31', 4, '19:31:00', 'scheduled', '2024-03-24 18:43:00', '2024-03-24 18:43:00', NULL),
(275, 'Isha', 1, 7, 'KDH06', '2024-03-31', 5, '20:40:00', 'scheduled', '2024-03-24 18:43:00', '2024-03-24 18:43:00', NULL),
(276, 'Fajr', 1, 7, 'KDH06', '2024-04-01', 1, '06:11:00', 'scheduled', '2024-03-24 18:43:00', '2024-03-24 18:43:00', NULL),
(277, 'Dhuhr', 1, 7, 'KDH06', '2024-04-01', 2, '13:27:00', 'scheduled', '2024-03-24 18:43:00', '2024-03-24 18:43:00', NULL),
(278, 'Asr', 1, 7, 'KDH06', '2024-04-01', 3, '16:30:00', 'scheduled', '2024-03-24 18:43:00', '2024-03-24 18:43:00', NULL),
(279, 'Maghrib', 1, 7, 'KDH06', '2024-04-01', 4, '19:31:00', 'scheduled', '2024-03-24 18:43:00', '2024-03-24 18:43:00', NULL),
(280, 'Isha', 1, 7, 'KDH06', '2024-04-01', 5, '20:40:00', 'scheduled', '2024-03-24 18:43:00', '2024-03-24 18:43:00', NULL),
(281, 'Fajr', 1, 8, 'KTN01', '2024-03-25', 1, '06:05:00', 'scheduled', '2024-03-24 18:43:00', '2024-03-24 18:43:00', NULL),
(282, 'Dhuhr', 1, 8, 'KTN01', '2024-03-25', 2, '13:20:00', 'scheduled', '2024-03-24 18:43:00', '2024-03-24 18:43:00', NULL),
(283, 'Asr', 1, 8, 'KTN01', '2024-03-25', 3, '16:26:00', 'scheduled', '2024-03-24 18:43:00', '2024-03-24 18:43:00', NULL),
(284, 'Maghrib', 1, 8, 'KTN01', '2024-03-25', 4, '19:23:00', 'scheduled', '2024-03-24 18:43:00', '2024-03-24 18:43:00', NULL),
(285, 'Isha', 1, 8, 'KTN01', '2024-03-25', 5, '20:28:00', 'scheduled', '2024-03-24 18:43:00', '2024-03-24 18:43:00', NULL),
(286, 'Fajr', 1, 8, 'KTN01', '2024-03-26', 1, '06:05:00', 'scheduled', '2024-03-24 18:43:00', '2024-03-24 18:43:00', NULL),
(287, 'Dhuhr', 1, 8, 'KTN01', '2024-03-26', 2, '13:19:00', 'scheduled', '2024-03-24 18:43:00', '2024-03-24 18:43:00', NULL),
(288, 'Asr', 1, 8, 'KTN01', '2024-03-26', 3, '16:25:00', 'scheduled', '2024-03-24 18:43:00', '2024-03-24 18:43:00', NULL),
(289, 'Maghrib', 1, 8, 'KTN01', '2024-03-26', 4, '19:23:00', 'scheduled', '2024-03-24 18:43:00', '2024-03-24 18:43:00', NULL),
(290, 'Isha', 1, 8, 'KTN01', '2024-03-26', 5, '20:28:00', 'scheduled', '2024-03-24 18:43:00', '2024-03-24 18:43:00', NULL),
(291, 'Fajr', 1, 8, 'KTN01', '2024-03-27', 1, '06:04:00', 'scheduled', '2024-03-24 18:43:00', '2024-03-24 18:43:00', NULL),
(292, 'Dhuhr', 1, 8, 'KTN01', '2024-03-27', 2, '13:19:00', 'scheduled', '2024-03-24 18:43:00', '2024-03-24 18:43:00', NULL),
(293, 'Asr', 1, 8, 'KTN01', '2024-03-27', 3, '16:24:00', 'scheduled', '2024-03-24 18:43:00', '2024-03-24 18:43:00', NULL),
(294, 'Maghrib', 1, 8, 'KTN01', '2024-03-27', 4, '19:22:00', 'scheduled', '2024-03-24 18:43:00', '2024-03-24 18:43:00', NULL),
(295, 'Isha', 1, 8, 'KTN01', '2024-03-27', 5, '20:28:00', 'scheduled', '2024-03-24 18:43:00', '2024-03-24 18:43:00', NULL),
(296, 'Fajr', 1, 8, 'KTN01', '2024-03-28', 1, '06:04:00', 'scheduled', '2024-03-24 18:43:00', '2024-03-24 18:43:00', NULL),
(297, 'Dhuhr', 1, 8, 'KTN01', '2024-03-28', 2, '13:19:00', 'scheduled', '2024-03-24 18:43:00', '2024-03-24 18:43:00', NULL),
(298, 'Asr', 1, 8, 'KTN01', '2024-03-28', 3, '16:23:00', 'scheduled', '2024-03-24 18:43:00', '2024-03-24 18:43:00', NULL),
(299, 'Maghrib', 1, 8, 'KTN01', '2024-03-28', 4, '19:22:00', 'scheduled', '2024-03-24 18:43:00', '2024-03-24 18:43:00', NULL),
(300, 'Isha', 1, 8, 'KTN01', '2024-03-28', 5, '20:27:00', 'scheduled', '2024-03-24 18:43:00', '2024-03-24 18:43:00', NULL),
(301, 'Fajr', 1, 8, 'KTN01', '2024-03-29', 1, '06:03:00', 'scheduled', '2024-03-24 18:43:00', '2024-03-24 18:43:00', NULL),
(302, 'Dhuhr', 1, 8, 'KTN01', '2024-03-29', 2, '13:18:00', 'scheduled', '2024-03-24 18:43:00', '2024-03-24 18:43:00', NULL),
(303, 'Asr', 1, 8, 'KTN01', '2024-03-29', 3, '16:23:00', 'scheduled', '2024-03-24 18:43:00', '2024-03-24 18:43:00', NULL),
(304, 'Maghrib', 1, 8, 'KTN01', '2024-03-29', 4, '19:22:00', 'scheduled', '2024-03-24 18:43:00', '2024-03-24 18:43:00', NULL),
(305, 'Isha', 1, 8, 'KTN01', '2024-03-29', 5, '20:27:00', 'scheduled', '2024-03-24 18:43:00', '2024-03-24 18:43:00', NULL),
(306, 'Fajr', 1, 8, 'KTN01', '2024-03-30', 1, '06:03:00', 'scheduled', '2024-03-24 18:43:00', '2024-03-24 18:43:00', NULL),
(307, 'Dhuhr', 1, 8, 'KTN01', '2024-03-30', 2, '13:18:00', 'scheduled', '2024-03-24 18:43:00', '2024-03-24 18:43:00', NULL),
(308, 'Asr', 1, 8, 'KTN01', '2024-03-30', 3, '16:22:00', 'scheduled', '2024-03-24 18:43:00', '2024-03-24 18:43:00', NULL),
(309, 'Maghrib', 1, 8, 'KTN01', '2024-03-30', 4, '19:22:00', 'scheduled', '2024-03-24 18:43:00', '2024-03-24 18:43:00', NULL),
(310, 'Isha', 1, 8, 'KTN01', '2024-03-30', 5, '20:27:00', 'scheduled', '2024-03-24 18:43:00', '2024-03-24 18:43:00', NULL),
(311, 'Fajr', 1, 8, 'KTN01', '2024-03-31', 1, '06:02:00', 'scheduled', '2024-03-24 18:43:00', '2024-03-24 18:43:00', NULL),
(312, 'Dhuhr', 1, 8, 'KTN01', '2024-03-31', 2, '13:18:00', 'scheduled', '2024-03-24 18:43:00', '2024-03-24 18:43:00', NULL),
(313, 'Asr', 1, 8, 'KTN01', '2024-03-31', 3, '16:21:00', 'scheduled', '2024-03-24 18:43:00', '2024-03-24 18:43:00', NULL),
(314, 'Maghrib', 1, 8, 'KTN01', '2024-03-31', 4, '19:22:00', 'scheduled', '2024-03-24 18:43:00', '2024-03-24 18:43:00', NULL),
(315, 'Isha', 1, 8, 'KTN01', '2024-03-31', 5, '20:27:00', 'scheduled', '2024-03-24 18:43:00', '2024-03-24 18:43:00', NULL),
(316, 'Fajr', 1, 8, 'KTN01', '2024-04-01', 1, '06:02:00', 'scheduled', '2024-03-24 18:43:00', '2024-03-24 18:43:00', NULL),
(317, 'Dhuhr', 1, 8, 'KTN01', '2024-04-01', 2, '13:17:00', 'scheduled', '2024-03-24 18:43:00', '2024-03-24 18:43:00', NULL),
(318, 'Asr', 1, 8, 'KTN01', '2024-04-01', 3, '16:20:00', 'scheduled', '2024-03-24 18:43:00', '2024-03-24 18:43:00', NULL),
(319, 'Maghrib', 1, 8, 'KTN01', '2024-04-01', 4, '19:22:00', 'scheduled', '2024-03-24 18:43:00', '2024-03-24 18:43:00', NULL),
(320, 'Isha', 1, 8, 'KTN01', '2024-04-01', 5, '20:27:00', 'scheduled', '2024-03-24 18:43:00', '2024-03-24 18:43:00', NULL),
(321, 'Fajr', 1, 11, 'KDH04', '2024-03-25', 1, '06:11:00', 'scheduled', '2024-03-24 18:43:18', '2024-03-24 18:43:18', NULL),
(322, 'Dhuhr', 1, 11, 'KDH04', '2024-03-25', 2, '13:25:00', 'scheduled', '2024-03-24 18:43:18', '2024-03-24 18:43:18', NULL),
(323, 'Asr', 1, 11, 'KDH04', '2024-03-25', 3, '16:34:00', 'scheduled', '2024-03-24 18:43:18', '2024-03-24 18:43:18', NULL),
(324, 'Maghrib', 1, 11, 'KDH04', '2024-03-25', 4, '19:28:00', 'scheduled', '2024-03-24 18:43:18', '2024-03-24 18:43:18', NULL),
(325, 'Isha', 1, 11, 'KDH04', '2024-03-25', 5, '20:37:00', 'scheduled', '2024-03-24 18:43:18', '2024-03-24 18:43:18', NULL),
(326, 'Fajr', 1, 11, 'KDH04', '2024-03-26', 1, '06:11:00', 'scheduled', '2024-03-24 18:43:18', '2024-03-24 18:43:18', NULL),
(327, 'Dhuhr', 1, 11, 'KDH04', '2024-03-26', 2, '13:24:00', 'scheduled', '2024-03-24 18:43:18', '2024-03-24 18:43:18', NULL),
(328, 'Asr', 1, 11, 'KDH04', '2024-03-26', 3, '16:33:00', 'scheduled', '2024-03-24 18:43:18', '2024-03-24 18:43:18', NULL),
(329, 'Maghrib', 1, 11, 'KDH04', '2024-03-26', 4, '19:28:00', 'scheduled', '2024-03-24 18:43:18', '2024-03-24 18:43:18', NULL),
(330, 'Isha', 1, 11, 'KDH04', '2024-03-26', 5, '20:37:00', 'scheduled', '2024-03-24 18:43:18', '2024-03-24 18:43:18', NULL),
(331, 'Fajr', 1, 11, 'KDH04', '2024-03-27', 1, '06:10:00', 'scheduled', '2024-03-24 18:43:18', '2024-03-24 18:43:18', NULL),
(332, 'Dhuhr', 1, 11, 'KDH04', '2024-03-27', 2, '13:24:00', 'scheduled', '2024-03-24 18:43:18', '2024-03-24 18:43:18', NULL),
(333, 'Asr', 1, 11, 'KDH04', '2024-03-27', 3, '16:32:00', 'scheduled', '2024-03-24 18:43:18', '2024-03-24 18:43:18', NULL),
(334, 'Maghrib', 1, 11, 'KDH04', '2024-03-27', 4, '19:28:00', 'scheduled', '2024-03-24 18:43:18', '2024-03-24 18:43:18', NULL),
(335, 'Isha', 1, 11, 'KDH04', '2024-03-27', 5, '20:37:00', 'scheduled', '2024-03-24 18:43:18', '2024-03-24 18:43:18', NULL),
(336, 'Fajr', 1, 11, 'KDH04', '2024-03-28', 1, '06:10:00', 'scheduled', '2024-03-24 18:43:18', '2024-03-24 18:43:18', NULL),
(337, 'Dhuhr', 1, 11, 'KDH04', '2024-03-28', 2, '13:24:00', 'scheduled', '2024-03-24 18:43:18', '2024-03-24 18:43:18', NULL),
(338, 'Asr', 1, 11, 'KDH04', '2024-03-28', 3, '16:31:00', 'scheduled', '2024-03-24 18:43:18', '2024-03-24 18:43:18', NULL),
(339, 'Maghrib', 1, 11, 'KDH04', '2024-03-28', 4, '19:27:00', 'scheduled', '2024-03-24 18:43:18', '2024-03-24 18:43:18', NULL),
(340, 'Isha', 1, 11, 'KDH04', '2024-03-28', 5, '20:37:00', 'scheduled', '2024-03-24 18:43:18', '2024-03-24 18:43:18', NULL),
(341, 'Fajr', 1, 11, 'KDH04', '2024-03-29', 1, '06:09:00', 'scheduled', '2024-03-24 18:43:18', '2024-03-24 18:43:18', NULL),
(342, 'Dhuhr', 1, 11, 'KDH04', '2024-03-29', 2, '13:23:00', 'scheduled', '2024-03-24 18:43:18', '2024-03-24 18:43:18', NULL),
(343, 'Asr', 1, 11, 'KDH04', '2024-03-29', 3, '16:30:00', 'scheduled', '2024-03-24 18:43:18', '2024-03-24 18:43:18', NULL),
(344, 'Maghrib', 1, 11, 'KDH04', '2024-03-29', 4, '19:27:00', 'scheduled', '2024-03-24 18:43:18', '2024-03-24 18:43:18', NULL),
(345, 'Isha', 1, 11, 'KDH04', '2024-03-29', 5, '20:37:00', 'scheduled', '2024-03-24 18:43:18', '2024-03-24 18:43:18', NULL),
(346, 'Fajr', 1, 11, 'KDH04', '2024-03-30', 1, '06:09:00', 'scheduled', '2024-03-24 18:43:18', '2024-03-24 18:43:18', NULL),
(347, 'Dhuhr', 1, 11, 'KDH04', '2024-03-30', 2, '13:23:00', 'scheduled', '2024-03-24 18:43:18', '2024-03-24 18:43:18', NULL),
(348, 'Asr', 1, 11, 'KDH04', '2024-03-30', 3, '16:29:00', 'scheduled', '2024-03-24 18:43:18', '2024-03-24 18:43:18', NULL),
(349, 'Maghrib', 1, 11, 'KDH04', '2024-03-30', 4, '19:27:00', 'scheduled', '2024-03-24 18:43:18', '2024-03-24 18:43:18', NULL),
(350, 'Isha', 1, 11, 'KDH04', '2024-03-30', 5, '20:37:00', 'scheduled', '2024-03-24 18:43:18', '2024-03-24 18:43:18', NULL),
(351, 'Fajr', 1, 11, 'KDH04', '2024-03-31', 1, '06:08:00', 'scheduled', '2024-03-24 18:43:18', '2024-03-24 18:43:18', NULL),
(352, 'Dhuhr', 1, 11, 'KDH04', '2024-03-31', 2, '13:23:00', 'scheduled', '2024-03-24 18:43:18', '2024-03-24 18:43:18', NULL),
(353, 'Asr', 1, 11, 'KDH04', '2024-03-31', 3, '16:28:00', 'scheduled', '2024-03-24 18:43:18', '2024-03-24 18:43:18', NULL),
(354, 'Maghrib', 1, 11, 'KDH04', '2024-03-31', 4, '19:27:00', 'scheduled', '2024-03-24 18:43:18', '2024-03-24 18:43:18', NULL),
(355, 'Isha', 1, 11, 'KDH04', '2024-03-31', 5, '20:36:00', 'scheduled', '2024-03-24 18:43:18', '2024-03-24 18:43:18', NULL),
(356, 'Fajr', 1, 11, 'KDH04', '2024-04-01', 1, '06:08:00', 'scheduled', '2024-03-24 18:43:18', '2024-03-24 18:43:18', NULL),
(357, 'Dhuhr', 1, 11, 'KDH04', '2024-04-01', 2, '13:23:00', 'scheduled', '2024-03-24 18:43:18', '2024-03-24 18:43:18', NULL),
(358, 'Asr', 1, 11, 'KDH04', '2024-04-01', 3, '16:27:00', 'scheduled', '2024-03-24 18:43:18', '2024-03-24 18:43:18', NULL),
(359, 'Maghrib', 1, 11, 'KDH04', '2024-04-01', 4, '19:27:00', 'scheduled', '2024-03-24 18:43:18', '2024-03-24 18:43:18', NULL),
(360, 'Isha', 1, 11, 'KDH04', '2024-04-01', 5, '20:36:00', 'scheduled', '2024-03-24 18:43:18', '2024-03-24 18:43:18', NULL),
(361, 'Fajr', 1, 12, 'JHR04', '2024-03-25', 1, '06:04:00', 'scheduled', '2024-03-24 18:44:19', '2024-03-24 18:44:19', NULL),
(362, 'Dhuhr', 1, 12, 'JHR04', '2024-03-25', 2, '13:18:00', 'scheduled', '2024-03-24 18:44:19', '2024-03-24 18:44:19', NULL),
(363, 'Asr', 1, 12, 'JHR04', '2024-03-25', 3, '16:17:00', 'scheduled', '2024-03-24 18:44:19', '2024-03-24 18:44:19', NULL),
(364, 'Maghrib', 1, 12, 'JHR04', '2024-03-25', 4, '19:20:00', 'scheduled', '2024-03-24 18:44:19', '2024-03-24 18:44:19', NULL),
(365, 'Isha', 1, 12, 'JHR04', '2024-03-25', 5, '20:29:00', 'scheduled', '2024-03-24 18:44:19', '2024-03-24 18:44:19', NULL),
(366, 'Fajr', 1, 12, 'JHR04', '2024-03-26', 1, '06:04:00', 'scheduled', '2024-03-24 18:44:19', '2024-03-24 18:44:19', NULL),
(367, 'Dhuhr', 1, 12, 'JHR04', '2024-03-26', 2, '13:17:00', 'scheduled', '2024-03-24 18:44:19', '2024-03-24 18:44:19', NULL),
(368, 'Asr', 1, 12, 'JHR04', '2024-03-26', 3, '16:16:00', 'scheduled', '2024-03-24 18:44:19', '2024-03-24 18:44:19', NULL),
(369, 'Maghrib', 1, 12, 'JHR04', '2024-03-26', 4, '19:20:00', 'scheduled', '2024-03-24 18:44:19', '2024-03-24 18:44:19', NULL),
(370, 'Isha', 1, 12, 'JHR04', '2024-03-26', 5, '20:28:00', 'scheduled', '2024-03-24 18:44:19', '2024-03-24 18:44:19', NULL),
(371, 'Fajr', 1, 12, 'JHR04', '2024-03-27', 1, '06:03:00', 'scheduled', '2024-03-24 18:44:19', '2024-03-24 18:44:19', NULL),
(372, 'Dhuhr', 1, 12, 'JHR04', '2024-03-27', 2, '13:17:00', 'scheduled', '2024-03-24 18:44:19', '2024-03-24 18:44:19', NULL),
(373, 'Asr', 1, 12, 'JHR04', '2024-03-27', 3, '16:17:00', 'scheduled', '2024-03-24 18:44:19', '2024-03-24 18:44:19', NULL),
(374, 'Maghrib', 1, 12, 'JHR04', '2024-03-27', 4, '19:19:00', 'scheduled', '2024-03-24 18:44:19', '2024-03-24 18:44:19', NULL),
(375, 'Isha', 1, 12, 'JHR04', '2024-03-27', 5, '20:28:00', 'scheduled', '2024-03-24 18:44:19', '2024-03-24 18:44:19', NULL),
(376, 'Fajr', 1, 12, 'JHR04', '2024-03-28', 1, '06:03:00', 'scheduled', '2024-03-24 18:44:19', '2024-03-24 18:44:19', NULL),
(377, 'Dhuhr', 1, 12, 'JHR04', '2024-03-28', 2, '13:17:00', 'scheduled', '2024-03-24 18:44:19', '2024-03-24 18:44:19', NULL),
(378, 'Asr', 1, 12, 'JHR04', '2024-03-28', 3, '16:17:00', 'scheduled', '2024-03-24 18:44:19', '2024-03-24 18:44:19', NULL),
(379, 'Maghrib', 1, 12, 'JHR04', '2024-03-28', 4, '19:19:00', 'scheduled', '2024-03-24 18:44:19', '2024-03-24 18:44:19', NULL),
(380, 'Isha', 1, 12, 'JHR04', '2024-03-28', 5, '20:28:00', 'scheduled', '2024-03-24 18:44:19', '2024-03-24 18:44:19', NULL),
(381, 'Fajr', 1, 12, 'JHR04', '2024-03-29', 1, '06:02:00', 'scheduled', '2024-03-24 18:44:19', '2024-03-24 18:44:19', NULL),
(382, 'Dhuhr', 1, 12, 'JHR04', '2024-03-29', 2, '13:16:00', 'scheduled', '2024-03-24 18:44:19', '2024-03-24 18:44:19', NULL),
(383, 'Asr', 1, 12, 'JHR04', '2024-03-29', 3, '16:18:00', 'scheduled', '2024-03-24 18:44:19', '2024-03-24 18:44:19', NULL),
(384, 'Maghrib', 1, 12, 'JHR04', '2024-03-29', 4, '19:19:00', 'scheduled', '2024-03-24 18:44:19', '2024-03-24 18:44:19', NULL),
(385, 'Isha', 1, 12, 'JHR04', '2024-03-29', 5, '20:28:00', 'scheduled', '2024-03-24 18:44:19', '2024-03-24 18:44:19', NULL),
(386, 'Fajr', 1, 12, 'JHR04', '2024-03-30', 1, '06:02:00', 'scheduled', '2024-03-24 18:44:19', '2024-03-24 18:44:19', NULL),
(387, 'Dhuhr', 1, 12, 'JHR04', '2024-03-30', 2, '13:16:00', 'scheduled', '2024-03-24 18:44:19', '2024-03-24 18:44:19', NULL),
(388, 'Asr', 1, 12, 'JHR04', '2024-03-30', 3, '16:18:00', 'scheduled', '2024-03-24 18:44:19', '2024-03-24 18:44:19', NULL),
(389, 'Maghrib', 1, 12, 'JHR04', '2024-03-30', 4, '19:19:00', 'scheduled', '2024-03-24 18:44:19', '2024-03-24 18:44:19', NULL),
(390, 'Isha', 1, 12, 'JHR04', '2024-03-30', 5, '20:28:00', 'scheduled', '2024-03-24 18:44:19', '2024-03-24 18:44:19', NULL),
(391, 'Fajr', 1, 12, 'JHR04', '2024-03-31', 1, '06:02:00', 'scheduled', '2024-03-24 18:44:19', '2024-03-24 18:44:19', NULL),
(392, 'Dhuhr', 1, 12, 'JHR04', '2024-03-31', 2, '13:16:00', 'scheduled', '2024-03-24 18:44:19', '2024-03-24 18:44:19', NULL),
(393, 'Asr', 1, 12, 'JHR04', '2024-03-31', 3, '16:18:00', 'scheduled', '2024-03-24 18:44:19', '2024-03-24 18:44:19', NULL),
(394, 'Maghrib', 1, 12, 'JHR04', '2024-03-31', 4, '19:18:00', 'scheduled', '2024-03-24 18:44:19', '2024-03-24 18:44:19', NULL),
(395, 'Isha', 1, 12, 'JHR04', '2024-03-31', 5, '20:27:00', 'scheduled', '2024-03-24 18:44:19', '2024-03-24 18:44:19', NULL),
(396, 'Fajr', 1, 12, 'JHR04', '2024-04-01', 1, '06:01:00', 'scheduled', '2024-03-24 18:44:19', '2024-03-24 18:44:19', NULL),
(397, 'Dhuhr', 1, 12, 'JHR04', '2024-04-01', 2, '13:16:00', 'scheduled', '2024-03-24 18:44:19', '2024-03-24 18:44:19', NULL),
(398, 'Asr', 1, 12, 'JHR04', '2024-04-01', 3, '16:19:00', 'scheduled', '2024-03-24 18:44:19', '2024-03-24 18:44:19', NULL),
(399, 'Maghrib', 1, 12, 'JHR04', '2024-04-01', 4, '19:18:00', 'scheduled', '2024-03-24 18:44:19', '2024-03-24 18:44:19', NULL),
(400, 'Isha', 1, 12, 'JHR04', '2024-04-01', 5, '20:27:00', 'scheduled', '2024-03-24 18:44:19', '2024-03-24 18:44:19', NULL);

-- --------------------------------------------------------

--
-- Table structure for table `subscriber`
--

DROP TABLE IF EXISTS `subscriber`;
CREATE TABLE IF NOT EXISTS `subscriber` (
  `subs_id` int NOT NULL AUTO_INCREMENT,
  `subs_name` varchar(255) NOT NULL,
  `email` varchar(255) DEFAULT NULL,
  `password` varchar(255) DEFAULT NULL,
  `phone` varchar(20) DEFAULT NULL,
  `created_at` timestamp NULL DEFAULT CURRENT_TIMESTAMP,
  `updated_at` timestamp NULL DEFAULT CURRENT_TIMESTAMP ON UPDATE CURRENT_TIMESTAMP,
  PRIMARY KEY (`subs_id`)
) ENGINE=MyISAM AUTO_INCREMENT=7 DEFAULT CHARSET=utf8mb4 COLLATE=utf8mb4_0900_ai_ci;

--
-- Dumping data for table `subscriber`
--

INSERT INTO `subscriber` (`subs_id`, `subs_name`, `email`, `password`, `phone`, `created_at`, `updated_at`) VALUES
(1, 'The Caf', 'contact@thecafe.com', '$2y$10$CVfrTHxQTyRYFY8o.1n0DeL7qE2UJ.XeBuT9ovt2a2dWFI3zEvt/O', '0123456789', '2024-03-23 18:58:05', '2024-03-24 14:34:36'),
(2, 'My Restaurant', 'info@myrestaurant.com', '$2y$10$CVfrTHxQTyRYFY8o.1n0DeL7qE2UJ.XeBuT9ovt2a2dWFI3zEvt/O', '9876543210', '2024-03-23 18:58:05', '2024-03-24 14:34:33'),
(5, 'Resto One', 'test@gmail.com', '$2y$10$CVfrTHxQTyRYFY8o.1n0DeL7qE2UJ.XeBuT9ovt2a2dWFI3zEvt/O', '', '2024-03-24 14:34:10', '2024-03-24 14:53:51'),
(6, 'Restoran One', 'resto@gmail.com', '$2y$10$kfK5o99xEj2Uiti7zh/OSea1/qB1D7IuTA9YFIfPb7s3jYH7kCe.W', '65433322222', '2024-03-24 14:51:17', '2024-03-24 14:51:17');
COMMIT;

/*!40101 SET CHARACTER_SET_CLIENT=@OLD_CHARACTER_SET_CLIENT */;
/*!40101 SET CHARACTER_SET_RESULTS=@OLD_CHARACTER_SET_RESULTS */;
/*!40101 SET COLLATION_CONNECTION=@OLD_COLLATION_CONNECTION */;
